"Keyword Phrase","ABA Total Click Share","ABA Total Conv. Share","Keyword Sales","Cerebro IQ Score","Search Volume","Search Volume Trend","Sponsored ASINs","Competing Products","CPR","Title Density","Organic","Sponsored Product","Amazon Recommended","Amazon Choice","Highly Rated","Sponsored Brand Header","Sponsored Brand Video","Top Rated From Our Brand","Trending Now","Amazon Rec. Rank","Sponsored Rank","Organic Rank"
"capillari rotti gambe",,,"-",143,19,-22,44,133,8,10,1,0,1,0,0,0,0,0,0,113,"-",1
"circolazione gambe",29.5,12.5,8,30,1180,-26,238,40000,28,7,1,0,0,0,0,0,0,0,0,"-","-",1
"capillari gambe",,,"-",371,268,-4,195,722,8,1,1,0,0,0,0,0,0,0,0,"-","-",1
"capillari rotti",,,"-","-",0,"-",70,166,8,16,1,1,0,0,0,0,0,0,0,"-",6,1
"capillari rotti gambe rimedi",,,4,2890,367,-25,72,127,8,0,1,0,1,0,0,0,0,0,0,5,"-",1
"integratori microcircolo gambe",,,"-",647,302,8,100,467,8,0,1,1,0,0,0,0,0,0,0,"-",9,1
"circolazione gambe forte",,,"-",339,339,-5,166,1000,8,0,1,1,0,0,0,0,0,0,0,"-",10,1
"venoruton bustine",,,"-",5137,375,-12,40,73,8,0,1,0,1,0,0,0,0,0,0,108,"-",2
"centellase vital gambe",,,"-",1985,129,-27,50,65,8,0,1,1,0,0,0,0,0,0,0,"-",8,2
"vene capillari",,,"-","-",0,"-",126,646,8,1,1,1,0,0,0,0,0,0,0,"-",10,2
"vene gambe",,,"-","-",0,"-",95,8000,8,0,1,1,0,0,0,0,0,0,0,"-",3,2
"integratore vene",,,"-","-",0,"-",72,309,8,4,1,1,0,0,0,0,0,0,0,"-",3,2
"integratore gambe",,,"-",108,216,-39,126,2000,8,6,1,0,0,0,0,0,0,0,0,"-","-",2
"integratori circolazione gambe",,,"-",703,286,-22,118,407,8,0,1,1,0,0,0,0,0,0,0,"-",11,2
"integratori per vene",,,"-","-",0,"-",59,287,8,1,1,1,0,0,0,0,0,0,0,"-",5,2
"venoruton",37,16.7,6,6785,1011,-22,99,149,25,0,1,1,1,0,0,0,0,0,0,25,10,2
"integratore capillari gambe",,,"-","-",0,"-",59,129,8,0,1,0,0,0,0,0,0,0,0,"-","-",2
"vene varicose gambe",,,"-",84,422,-6,171,5000,8,2,1,1,1,0,0,0,0,0,0,34,1,2
"integratore per vene varicose",,,"-",128,24,-46,56,187,8,0,1,1,1,0,0,0,0,0,0,55,3,2
"gambe vene varicose",,,"-",8,38,49,92,5000,8,1,1,0,0,0,0,0,0,0,0,"-","-",2
"eliminare capillari gambe",,,"-","-",0,"-",27,88,8,0,1,1,0,0,0,0,0,0,0,"-",11,2
"integratori vene e capillari",,,"-","-",0,"-",55,182,8,0,1,1,0,0,0,0,0,0,0,"-",5,2
"venoxx",96,83.3,6,6682,441,-32,54,66,8,0,1,0,0,0,0,0,0,0,0,"-","-",2
"integratori capillari gambe",,,"-","-",0,"-",90,201,8,0,1,1,0,0,0,0,0,0,0,"-",3,2
"integratori capillari protettori",,,"-","-",0,"-",27,32,8,0,1,1,0,0,0,0,0,0,0,"-",1,2
"venosmix",,,"-",6229,218,-13,24,35,8,1,1,0,0,0,0,0,0,0,0,"-","-",2
"venaflux viti 60 compresse",,,"-",2516,78,-45,18,31,8,0,1,0,1,0,0,0,0,0,0,69,"-",2
"integratore vene e capillari gambe",,,"-",1342,196,-36,68,146,8,0,1,0,0,0,0,0,0,0,0,"-","-",2
"venoxx 60 compresse offerta",,,"-",4679,262,-44,35,56,8,0,1,0,1,0,0,0,0,0,0,42,"-",2
"microcircolo gambe e cellulite",,,"-",598,291,11,139,487,8,0,1,0,0,0,0,0,0,0,0,"-","-",2
"zeflavon 1000 mg compresse",81.6,87.5,8,25741,695,-14,0,27,10,0,1,0,0,0,0,0,0,0,0,"-","-",2
"daflon 1000 mg",40.7,53.8,13,72840,3642,-37,2,50,29,0,1,1,1,0,0,0,0,0,0,26,1,2
"capillari",,,"-","-",0,"-",115,50000,8,29,1,1,0,0,0,0,0,0,0,"-",3,3
"circolazione venosa",,,"-","-",0,"-",115,293,8,13,1,1,0,0,0,0,0,0,0,"-",10,3
"integratori gambe pesanti",,,"-",410,142,-55,95,346,8,0,1,0,0,0,0,0,0,0,0,"-","-",3
"integratori vene gambe",,,"-","-",0,"-",52,259,8,0,1,0,0,0,0,0,0,0,0,"-","-",3
"integratori vene varicose",,,"-","-",0,"-",19,169,8,0,1,1,0,0,0,0,0,0,0,"-",6,3
"capillari gambe trattamento",,,"-","-",0,"-",70,299,8,0,1,0,0,0,0,0,0,0,0,"-","-",3
"dinaven 1000 60 compresse",,,"-",357,40,11,25,112,8,0,1,1,0,0,0,0,0,0,0,"-",5,3
"venuroton per gambe",,,"-","-",0,"-",12,85,8,0,1,0,0,0,0,0,0,0,0,"-","-",3
"integratori gambe circolazione",,,"-",901,292,-13,87,324,8,0,1,1,0,0,0,0,0,0,0,"-",3,3
"visaven forte",,,"-",7100,284,2,12,40,8,1,1,0,0,0,0,0,0,0,0,"-","-",3
"viviven",,,"-",4421,336,-35,106,76,8,1,1,1,0,0,0,0,0,0,0,"-",10,3
"integratori per vene varicose capillari e microcircolo",,,1,1005,222,-51,112,221,8,1,1,0,0,0,0,0,0,0,0,"-","-",3
"venactum circolazione gambe",,,"-","-",0,"-",46,254,8,0,1,1,0,0,0,0,0,0,0,"-",10,3
"venoplant 40 bustine",,,"-",14480,362,-49,34,25,8,0,1,0,0,0,0,0,0,0,0,"-","-",3
"integratori per gambe pesanti",,,"-","-",0,"-",103,309,8,0,1,0,0,0,0,0,0,0,0,"-","-",3
"integratori vene varicose e capillari",,,"-",448,77,-33,46,172,8,0,1,1,1,0,0,0,0,0,0,75,3,3
"better leg balducci cellulite",,,"-","-",0,"-",28,23,8,0,1,0,0,0,0,0,0,0,0,"-","-",3
"flebomix 1000 mg compresse",76.5,,1,7513,601,-19,48,80,10,0,1,0,0,0,0,0,0,0,0,"-","-",3
"complesso circolazione",,,"-",1305,184,-8,59,141,8,2,1,0,0,0,0,0,0,0,0,"-","-",3
"integratore per gambe pesanti e stanchezza",,,"-",1408,214,-9,96,152,8,0,1,0,0,0,0,0,0,0,0,"-","-",3
"vitalinfatic 1000",,,"-",27923,363,-8,28,13,8,1,1,0,0,0,0,0,0,0,0,"-","-",3
"daflon 1000 mg compresse",41.9,40,5,17130,788,-45,1,46,11,0,1,0,1,0,0,0,0,0,0,45,"-",3
"primefarm circolazione",,,"-",15000,405,-55,25,27,8,0,1,0,0,0,0,0,0,0,0,"-","-",3
"integratore microcircolo",,,"-",223,205,-5,125,920,8,9,1,1,0,0,0,0,0,0,0,"-",32,4
"integratori per circolazione gambe",,,"-",54,18,-38,97,335,8,0,1,1,0,0,0,0,0,0,0,"-",24,4
"biovenum 500",,,"-",2844,91,86,20,32,8,0,1,1,1,0,0,0,0,0,0,87,8,4
"circolazione gambe integratore forte",,,"-","-",0,"-",60,340,8,0,1,1,0,0,0,0,0,0,0,"-",21,4
"integratore gambe circolazione",,,"-",959,419,-12,137,437,8,0,1,1,0,0,0,0,0,0,0,"-",3,4
"venoplant compresse",,,"-",3095,260,-32,48,84,8,0,1,1,0,0,0,0,0,0,0,"-",15,4
"pastiglie vene varicose",,,"-","-",0,"-",50,133,8,0,1,0,0,0,0,0,0,0,0,"-","-",4
"integratore per circolazione gambe",,,"-","-",0,"-",60,405,8,0,1,0,0,0,0,0,0,0,0,"-","-",4
"integratore capillari fragili",,,"-",2925,196,-30,52,67,8,0,1,1,0,0,0,0,0,0,0,"-",3,4
"venatropen plus",,,"-",9150,366,-40,23,40,8,2,1,0,0,0,0,0,0,0,0,"-","-",4
"addio vene varicose",,,"-",1752,233,-27,60,133,8,0,1,0,0,0,0,0,0,0,0,"-","-",4
"circolazione",,,"-",5,340,-20,165,70000,8,36,1,0,0,0,0,0,0,0,0,"-","-",5
"vene varicose",38.8,20,5,46,918,-55,313,20000,12,32,1,1,1,0,0,0,0,0,0,31,4,5
"gambe pesanti",36.7,,1,9,530,-31,178,60000,9,16,1,1,0,0,0,0,0,0,0,"-",10,5
"circolazione gambe integratore",,,"-",303,118,1,80,390,8,0,1,0,0,0,0,0,0,0,0,"-","-",5
"integratori gambe",,,"-","-",0,"-",101,2000,8,0,1,0,0,0,0,0,0,0,0,"-","-",5
"integratore emorroidi",,,"-",1673,276,-13,33,165,8,0,1,1,1,0,0,0,0,0,0,2,3,5
"integratori per cellulite",,,"-",20,60,22,101,3000,8,0,1,0,0,0,0,0,0,0,0,"-","-",5
"daflon 60 compresse",,,"-","-",0,"-",1,40,8,0,1,0,0,0,0,0,0,0,0,"-","-",5
"venatropen",,,"-",6972,251,-38,26,36,8,5,1,0,0,0,0,0,0,0,0,"-","-",5
"antistax 60 compresse",,,"-","-",0,"-",8,22,8,0,1,0,0,0,0,0,0,0,0,"-","-",5
"integratore per la circolazione",,,"-","-",0,"-",92,1000,8,4,1,1,0,0,0,0,0,0,0,"-",8,5
"integratore gambe pesanti",,,"-","-",0,"-",83,341,8,1,1,0,0,0,0,0,0,0,0,"-","-",5
"daflon 500 mg compresse",,,"-",780,39,21,1,50,8,0,1,0,0,0,0,0,0,0,0,"-","-",5
"venoruton 1000 30 bustine",,,"-",11650,233,14,26,20,8,0,1,0,0,0,0,0,0,0,0,"-","-",5
"venoxx compresse",,,"-","-",0,"-",19,74,8,0,1,1,0,0,0,0,0,0,0,"-",9,5
"vene varicose e capillari eliminare",54.8,20,5,4354,762,-32,123,175,11,0,1,1,1,0,0,0,0,0,0,30,10,5
"gambe gonfie circolazione drenante",,,"-",588,221,-21,89,376,8,0,1,0,1,0,0,0,0,0,0,59,"-",5
"venoruton 1000 30 bustine offerta",51.8,20,5,17306,1073,-31,41,62,26,0,1,1,1,0,0,0,0,0,0,49,4,5
"integratori per emorroidi",,,"-",607,88,-23,22,145,8,0,1,1,1,0,0,0,0,0,0,29,2,5
"lipedema gambe",27.2,,7,483,2413,-43,371,5000,27,0,1,1,0,0,0,0,0,0,0,"-",3,5
"diosmina 1000 mg",57,37.5,16,34338,2747,132,36,80,28,1,1,1,1,0,0,0,0,0,0,23,3,5
"rescue veno",,,"-",15619,328,"-",33,21,8,0,1,0,0,0,0,0,0,0,0,"-","-",5
"vesvein gambe 60",87.2,100,8,33286,699,-37,24,21,10,0,1,1,0,0,0,0,0,0,0,"-",8,5
"syrio ritenil gambe leggere",,,"-",9913,228,-18,17,23,8,0,1,0,0,0,0,0,0,0,0,"-","-",5
"daflon 1000",,,"-",5169,305,-40,13,59,8,0,1,0,0,0,0,0,0,0,0,"-","-",5
"integratore circolazione gambe",39.3,50,4,1338,499,-28,116,373,9,0,1,1,0,0,0,0,0,0,0,"-",16,6
"integratori emorroidi",,,"-","-",0,"-",19,124,8,0,1,0,0,0,0,0,0,0,0,"-","-",6
"gambe gonfie circolazione",,,"-","-",0,"-",96,2000,8,0,1,1,0,0,0,0,0,0,0,"-",6,6
"gambe pesanti e gonfie",,,"-",655,408,4,160,623,8,2,1,1,0,0,0,0,0,0,0,"-",9,6
"integratori microcircolo",,,"-",407,337,-5,123,829,8,0,1,1,0,0,0,0,0,0,0,"-",11,6
"prodotti per capillari gambe",,,"-","-",0,"-",46,403,8,0,1,1,0,0,0,0,0,0,0,"-",10,6
"venactum",,,"-",11081,410,2,37,37,8,0,1,0,1,0,0,0,0,0,0,52,"-",6
"daflon 500 compresse originale",51.2,50,4,22771,797,-38,30,35,11,0,1,0,1,0,0,0,0,0,0,18,"-",6
"emorroidi integratore",,,"-",598,67,57,19,112,8,0,1,1,0,0,0,0,0,0,0,"-",4,6
"integratori gambe pesanti e cellulite",,,"-",941,288,39,116,306,8,0,1,0,0,0,0,0,0,0,0,"-","-",6
"vesvein",,,"-",11724,340,-55,26,29,8,2,1,0,0,0,0,0,0,0,0,"-","-",6
"venatropen tc 600 compresse",,,"-",16600,332,-30,24,20,8,0,1,0,0,0,0,0,0,0,0,"-","-",6
"venalux",71.3,30,10,22325,1786,-50,119,80,30,11,1,0,1,0,0,0,0,0,0,57,"-",6
"venoplant",,,"-",6957,327,-27,61,47,8,4,1,1,0,0,0,0,0,0,0,"-",10,7
"venoruton compresse",46.9,33.3,3,5377,570,-31,76,106,9,0,1,1,1,0,0,0,0,0,0,28,8,7
"vene varicose uomo",,,"-","-",0,"-",100,20000,8,0,1,0,0,0,0,0,0,0,0,"-","-",7
"triade h",81.5,33.3,3,53211,1011,38,17,19,26,1,1,0,0,0,0,0,0,0,0,"-","-",7
"microcircolo gambe",,,"-",249,249,-53,119,1000,8,4,1,0,0,0,0,0,0,0,0,"-","-",7
"crema capillari rotti gambe",52.8,50,2,2903,659,-55,165,227,10,0,1,1,0,0,0,0,0,0,0,"-",6,7
"daflon 500 mg",,,2,6053,345,-20,4,57,8,0,1,0,0,0,0,0,0,0,0,"-","-",7
"venaflux",63.1,71.4,14,21879,1269,-39,76,58,27,5,1,1,1,0,0,0,0,0,0,35,18,7
"microcircolo integratori",,,"-",91,79,-18,85,870,8,0,1,0,0,0,0,0,0,0,0,"-","-",7
"integratore alimentare per circolazione gambe",,,"-",1178,291,-21,96,247,8,0,1,1,1,0,0,0,0,0,0,38,16,7
"crioven compresse",,,"-","-",0,"-",18,47,8,0,1,0,0,0,0,0,0,0,0,"-","-",7
"hamolind",,,"-",15133,227,-17,12,15,8,0,1,0,0,0,0,0,0,0,0,"-","-",7
"diosmina esperidina 1000",,,"-",644,47,-7,32,73,8,0,1,1,1,0,0,0,0,0,0,60,10,7
"integratore gambe gonfie e pesanti",,,5,1522,423,-28,136,278,8,3,1,0,1,0,0,0,0,0,0,44,"-",7
"diosmina esperidina alto dosaggio",57.4,46.7,45,25527,3344,-20,52,131,30,7,1,1,1,0,0,0,0,0,0,3,8,7
"flebinec plus 14 bustine gambe",,,"-",9971,349,18,22,35,8,0,1,1,0,0,0,0,0,0,0,"-",2,7
"circolazione sanguigna",,,"-","-",0,"-",89,50000,8,10,1,1,0,0,0,0,0,0,0,"-",1,8
"diosmina",39.6,31.5,92,51439,8899,-25,87,173,49,44,1,1,1,0,0,0,0,0,0,16,8,8
"meliloto integratore",,,"-",1680,247,-12,69,147,8,0,1,0,0,0,0,0,0,0,0,"-","-",8
"flavonoidi emorroidi",,,"-","-",0,"-",17,388,8,0,1,0,0,0,0,0,0,0,0,"-","-",8
"emorroidi integratori",,,"-",1105,211,8,26,191,8,0,1,0,1,0,0,0,0,0,0,12,"-",8
"nedemax compresse",,,"-",5543,194,-30,4,35,8,0,1,0,0,0,0,0,0,0,0,"-","-",8
"cura vene varicose",,,"-","-",0,"-",84,432,8,0,1,0,0,0,0,0,0,0,0,"-","-",8
"bioflavonoidi emorroidi",,,"-","-",0,"-",26,227,8,0,1,0,0,0,0,0,0,0,0,"-","-",8
"emorroidi compresse",,,"-",780,78,-15,35,100,8,0,1,1,1,0,0,0,0,0,0,14,5,8
"drenante gambe gonfie",,,"-",335,209,-36,120,624,8,3,1,0,0,0,0,0,0,0,0,"-","-",8
"venavin erbenobili gocce",,,"-",15000,315,-3,18,21,8,0,1,1,0,0,0,0,0,0,0,"-",1,8
"elimina vene varicose",,,"-",726,122,-33,64,168,8,0,1,0,0,0,0,0,0,0,0,"-","-",8
"cardione pulizia vene",,,"-","-",0,"-",8,233,8,0,1,0,0,0,0,0,0,0,0,"-","-",8
"varicolift vene varicose e capillari crema",,,"-",2170,395,-38,65,182,8,0,1,0,0,0,0,0,0,0,0,"-","-",8
"diosmina esperidina 1000 mg",,,"-",5173,388,7,36,75,8,0,1,1,0,0,0,0,0,0,0,"-",2,8
"venexan plus",,,"-",14556,393,7,0,27,8,1,1,0,0,0,0,0,0,0,0,"-","-",8
"wesalys diosmina esperidina",,,"-",10941,372,-32,18,34,8,0,1,1,0,0,0,0,0,0,0,"-",4,8
"arvenum 500",,,8,8238,346,-42,42,42,8,0,1,0,1,0,0,0,0,0,0,27,"-",9
"arvenum",,,"-",5525,337,-53,51,61,8,0,1,0,0,0,0,0,0,0,0,"-","-",9
"gambe gonfie",31.6,,2,68,682,-49,249,10000,10,4,1,0,0,0,0,0,0,0,0,"-","-",9
"fortilase",88.9,79.6,49,88022,8098,-29,142,92,36,7,1,0,0,0,0,0,0,0,0,"-","-",9
"gambe gonfie e pesanti",,,"-",457,300,-31,129,657,8,10,1,1,0,0,0,0,0,0,0,"-",2,9
"riposa gambe",,,"-",1,27,2,103,40000,8,1,1,0,0,0,0,0,0,0,0,"-","-",9
"esperidina",60,50,2,2791,441,-3,49,158,8,46,1,1,1,0,0,0,0,0,0,21,2,9
"hesperidin",,,"-",6053,115,-19,8,19,8,0,1,0,0,0,0,0,0,0,0,"-","-",9
"integratore circolazione sanguigna",,,"-","-",0,"-",55,447,8,0,1,0,0,0,0,0,0,0,0,"-","-",9
"varikostan crema vene varicose",,,"-",3347,328,13,62,98,8,0,1,0,0,0,0,0,0,0,0,"-","-",9
"daflon generico",,,"-",3588,183,13,0,51,8,0,1,0,0,0,0,0,0,0,0,"-","-",9
"gonfiore gambe e caviglie",,,"-",43,86,41,57,2000,8,0,1,0,0,0,0,0,0,0,0,"-","-",9
"integratori per gambe stanche e pesanti",,,"-",1930,303,-20,83,157,8,0,1,0,0,0,0,0,0,0,0,"-","-",9
"diosmina bromelina",,,"-",875,182,-27,72,208,8,0,1,1,1,0,0,0,0,0,0,32,1,9
"vein lift",,,"-",6875,385,33,33,56,8,0,1,0,0,0,0,0,0,0,0,"-","-",9
"snella system plus lipedema forte",,,"-",8545,282,-48,20,33,8,0,1,0,0,0,0,0,0,0,0,"-","-",9
"daflon",42.2,35.9,39,43285,6233,-28,131,144,32,0,1,0,1,0,0,0,0,0,0,19,"-",10
"diosmina esperidina",47.5,37.5,128,128232,10515,-2,60,82,43,18,1,1,1,0,0,0,0,0,0,10,13,10
"daflon 500 compresse",41.6,30.2,43,73074,6869,-39,13,94,32,0,1,0,1,0,0,0,0,0,0,17,"-",10
"riposagambe",,,"-","-",0,"-",53,40000,8,0,1,0,0,0,0,0,0,0,0,"-","-",10
"integratore gambe pesanti e gonfie",,,"-","-",0,"-",42,252,8,0,1,0,0,0,0,0,0,0,0,"-","-",10
"caviglie gonfie rimedi",,,"-",1724,150,-20,53,87,8,0,1,1,0,0,0,0,0,0,0,"-",8,10
"integratore microcircolo gambe",,,"-",928,398,-27,128,429,8,4,1,0,0,0,0,0,0,0,0,"-","-",10
"gambe leggere integratore",,,"-",1121,287,-15,91,256,8,1,1,1,0,0,0,0,0,0,0,"-",10,10
"diosmina + esperidina",,,"-",1269,184,-38,50,145,8,2,1,1,0,0,0,0,0,0,0,"-",8,10
"conversol miavola",75.8,63.6,11,101680,2542,-32,29,25,27,0,1,0,0,0,0,0,0,0,0,"-","-",10
"vein lift vene varicose",,,"-",1171,130,-30,41,111,8,0,1,0,0,0,0,0,0,0,0,"-","-",10
"venaslim leg",,,"-",8951,367,26,54,41,8,0,1,1,0,0,0,0,0,0,0,"-",11,10
"venalex",,,"-","-",0,"-",38,68,8,1,1,1,0,0,0,0,0,0,0,"-",4,11
"microcircolo",36.1,28.6,14,235,1176,-34,159,5000,38,40,1,1,0,0,0,0,0,0,0,"-",20,11
"integratore gambe gonfie",,,"-","-",0,"-",65,309,8,0,1,0,0,0,0,0,0,0,0,"-","-",11
"cerotti per vene varicose",,,"-",1143,311,-43,144,272,8,17,1,1,0,0,0,0,0,0,0,"-",9,11
"varicolift vene varicose e capillari",30.6,,"-",6604,918,-36,91,139,12,0,1,1,1,0,0,0,0,0,0,8,6,11
"amazon farmacia on line",,,"-",5946,333,"-",24,56,8,0,1,0,0,0,0,0,0,0,0,"-","-",11
"venatropen gel gambe",,,"-",2939,338,-32,81,115,8,0,1,0,0,0,0,0,0,0,0,"-","-",11
"pure essential circulation",,,"-",13125,210,-31,78,16,8,0,1,1,0,0,0,0,0,0,0,"-",11,11
"florisma riparazione delle vene",,,"-",30333,364,-37,21,12,8,2,1,1,0,0,0,0,0,0,0,"-",8,11
"crema per capillari rotti",,,"-","-",0,"-",24,49,8,9,1,0,0,0,0,0,0,0,0,"-","-",12
"integratori gambe gonfie",,,"-","-",0,"-",102,379,8,0,1,1,0,0,0,0,0,0,0,"-",4,12
"cardione capsule pulizia vene",,,"-",14143,396,4,14,28,8,0,1,0,0,0,0,0,0,0,0,"-","-",12
"crema microcircolo gambe",,,"-",1219,423,27,131,347,8,0,1,1,0,0,0,0,0,0,0,"-",9,12
"varico lift vene varicose e capillari",,,"-",568,96,-33,65,169,8,0,1,1,0,0,0,0,0,0,0,"-",7,12
"cerotti per vene varicose gambe",,,"-",1084,259,-4,93,239,8,0,1,1,0,0,0,0,0,0,0,"-",9,12
"integratore lipedema gambe",,,"-",339,114,-46,63,336,8,0,1,1,0,0,0,0,0,0,0,"-",12,12
"varikomed",,,"-",12200,366,19,26,30,8,0,1,0,0,0,0,0,0,0,0,"-","-",12
"rimedi gambe gonfie",,,"-","-",0,"-",48,159,8,0,1,0,0,0,0,0,0,0,0,"-","-",13
"circolazione gambe drenante e microcircolo",,,"-",1009,337,"-",101,334,8,2,1,0,1,0,0,0,0,0,0,58,"-",13
"venovigor",,,"-",11429,400,14,24,35,8,1,1,0,0,0,0,0,0,0,0,"-","-",13
"biovari crema per le vene varicose",,,"-",3970,397,-2,71,100,8,0,1,1,0,0,0,0,0,0,0,"-",5,13
"esi erbaven",,,"-",6156,197,-29,10,32,8,4,1,0,0,0,0,0,0,0,0,"-","-",14
"diosmin",,,"-",1351,208,-54,55,154,8,3,1,0,1,0,0,0,0,0,0,20,"-",14
"gambe pesanti e doloranti",,,7,307,307,-59,208,1000,8,2,1,0,0,0,0,0,0,0,0,"-","-",14
"diosmectal",85.1,84.6,13,44650,1786,-17,19,40,27,2,1,1,0,0,0,0,0,0,0,"-",3,14
"daflon 500",42.7,,5,21868,1990,-34,55,91,27,0,1,0,1,0,0,0,0,0,0,1,"-",15
"crioven 500 bustine",,,"-",14480,362,-3,14,25,8,0,1,0,0,0,0,0,0,0,0,"-","-",15
"vene varicose come curarle",,,"-",305,18,-24,12,59,8,0,1,0,0,0,0,0,0,0,0,"-","-",15
"diosmectal go",88.7,66.7,24,100917,2422,-31,6,24,28,2,1,0,0,0,0,0,0,0,0,"-","-",15
"venolen plus compresse 60",,,"-",4846,252,-33,21,52,8,0,1,0,0,0,0,0,0,0,0,"-","-",15
"diosmina sandoz",41,25,4,8585,704,-35,43,82,10,1,1,1,1,0,0,0,0,0,0,24,18,16
"emorroidi sanguinanti",,,"-","-",0,"-",1,53,8,0,1,0,0,0,0,0,0,0,0,"-","-",16
"spermidina pura alto dosaggio",62.6,58.3,24,62333,2244,-3,24,36,29,6,1,1,0,0,0,0,0,0,0,"-",9,16
"lipedema gambe bromelina",,,"-",1204,343,"-",99,285,8,0,1,0,0,0,0,0,0,0,0,"-","-",16
"venactis gel capillari",,,"-",3958,376,-8,43,95,8,0,1,0,0,0,0,0,0,0,0,"-","-",16
"essaven active compresse",,,8,13500,324,-42,15,24,8,0,1,0,0,0,0,0,0,0,0,"-","-",16
"venalix crema gambe",,,"-",1875,210,-54,78,112,8,0,1,1,0,0,0,0,0,0,0,"-",19,16
"hamolind emorroidi",78.6,66.7,3,35767,1073,-48,0,30,26,0,1,0,1,0,0,0,0,0,0,6,"-",17
"bromelina 1000 mg",,,"-","-",0,"-",66,249,8,2,1,0,0,0,0,0,0,0,0,"-","-",17
"mioven 700 compresse",,,"-",8838,327,-36,23,37,8,0,1,0,0,0,0,0,0,0,0,"-","-",17
"gambe gonfie rimedi",,,"-","-",0,"-",54,213,8,0,1,1,0,0,0,0,0,0,0,"-",10,17
"diosmin expert omniven 500",,,"-",8636,285,-26,35,33,8,0,1,0,0,0,0,0,0,0,0,"-","-",17
"crema vene varicose e capillari eco bio boutique",,,"-",2256,300,8,86,133,8,0,1,1,0,0,0,0,0,0,0,"-",7,17
"integratore microcircolo e drenante gambe",,,"-",51,23,-35,70,454,8,0,1,1,0,0,0,0,0,0,0,"-",11,17
"eco bio boutique capillari e vene",,,"-",2945,268,-42,49,91,8,0,1,0,0,0,0,0,0,0,0,"-","-",17
"spermidina integratore alto dosaggio",,,"-","-",0,"-",16,37,8,1,1,0,0,0,0,0,0,0,0,"-","-",17
"crema corpo vene varicose e capillari",,,"-",2133,384,23,114,180,8,0,1,0,0,0,0,0,0,0,0,"-","-",17
"linfedema gambe",,,"-",264,264,-15,164,1000,8,0,1,0,0,0,0,0,0,0,0,"-","-",17
"centellix patch gambe stanche",,,"-",6455,142,-21,12,22,8,0,1,0,0,0,0,0,0,0,0,"-","-",17
"rusco",,,"-",773,320,-21,121,414,8,31,1,0,0,0,0,0,0,0,0,"-","-",18
"sgonfia gambe",,,"-",193,193,-25,136,1000,8,0,1,0,0,0,0,0,0,0,0,"-","-",18
"creme capillari gambe",,,"-","-",0,"-",75,271,8,0,1,0,0,0,0,0,0,0,0,"-","-",18
"dinaven 500",81.8,69,29,47447,1803,-1,33,38,27,2,1,1,0,0,0,0,0,0,0,"-",4,18
"crema per capillari gambe",,,"-",729,248,-33,129,340,8,0,1,1,0,0,0,0,0,0,0,"-",4,18
"bromelina e diosmina",,,"-",1413,325,4,92,230,8,0,1,1,1,0,0,0,0,0,0,15,18,18
"venosten",,,"-",5362,370,-32,44,69,8,2,1,0,0,0,0,0,0,0,0,"-","-",18
"caviglie gonfie",,,"-",196,196,-39,199,1000,8,2,1,1,0,0,0,0,0,0,0,"-",2,19
"erbaven",79.6,68.2,22,9477,1033,-39,149,109,29,11,1,0,0,0,0,0,0,0,0,"-","-",19
"meliloto",,,"-",1130,244,-33,84,216,8,35,1,0,0,0,0,0,0,0,0,"-","-",19
"crema vene",,,"-",46,92,-47,107,2000,8,17,1,0,0,0,0,0,0,0,0,"-","-",19
"vene capillari gambe",,,"-",77,36,-23,63,467,8,0,1,0,0,0,0,0,0,0,0,"-","-",19
"piedi gonfi rimedi",,,"-",1255,192,-27,97,153,8,0,1,0,0,0,0,0,0,0,0,"-","-",19
"essaven gel gambe vene e capillari",,,"-",697,145,-29,91,208,8,0,1,0,0,0,0,0,0,0,0,"-","-",19
"diosmina micronizzata",,,"-",3742,363,-28,41,97,8,4,1,0,1,0,0,0,0,0,0,22,"-",19
"mavosten amazon prezzo",,,"-",154500,309,-2,25,2,8,0,1,0,0,0,0,0,0,0,0,"-","-",19
"venicalm vene varicose",,,"-",1620,175,-42,49,108,8,0,1,1,0,0,0,0,0,0,0,"-",6,19
"gambe leggere",64.1,62.5,8,18,708,-43,268,40000,10,26,1,1,0,0,0,0,0,0,0,"-",11,20
"omniven",,,"-",8893,249,-49,29,28,8,6,1,0,0,0,0,0,0,0,0,"-","-",20
"crema vene varicose e capillari",54,20,15,13122,3228,-78,143,246,31,10,1,1,1,0,0,0,0,0,0,51,6,20
"venalex 500",,,"-","-",0,"-",26,55,8,1,1,1,0,0,0,0,0,0,0,"-",5,20
"vesvein gambe",87.8,87.5,8,24164,1474,-42,82,61,27,2,1,0,0,0,0,0,0,0,0,"-","-",20
"venicalm",,,"-",4673,229,-73,57,49,8,1,1,1,0,0,0,0,0,0,0,"-",4,20
"venicalm forte crema per le vene varicose",,,"-",2219,344,-37,94,155,8,0,1,1,0,0,0,0,0,0,0,"-",16,20
"emorroidi",44.9,28.2,39,451,4514,"-",8,10000,36,19,1,0,1,0,0,0,0,0,0,9,"-",21
"creme per capillari gambe",,,"-","-",0,"-",65,273,8,0,1,0,0,0,0,0,0,0,0,"-","-",21
"antistax compresse",,,"-",4541,277,-18,11,61,8,0,1,0,0,0,0,0,0,0,0,"-","-",21
"crema vene varicose forte",,,"-","-",0,"-",54,204,8,0,1,1,0,0,0,0,0,0,0,"-",10,21
"diosmin expert 500",,,"-","-",0,"-",12,12,8,0,1,0,0,0,0,0,0,0,0,"-","-",21
"ippocastano integratore",,,"-",3402,398,-6,29,117,8,3,1,1,0,0,0,0,0,0,0,"-",7,21
"dinaven",84.4,70,10,9746,575,-6,29,59,9,4,1,1,0,0,0,0,0,0,0,"-",1,21
"emorroidi crema forte",39,25,4,10868,739,-17,4,68,11,0,1,0,0,0,0,0,0,0,0,"-","-",21
"ippocastano gel gambe",,,"-",766,164,-37,80,214,8,0,1,0,0,0,0,0,0,0,0,"-","-",21
"linfedema",,,"-",133,265,8,132,2000,8,22,1,0,0,0,0,0,0,0,0,"-","-",22
"crioven",,,"-",4667,224,-32,27,48,8,4,1,0,0,0,0,0,0,0,0,"-","-",22
"omniven 500",91.7,51.7,29,49525,1981,-24,36,40,28,3,1,1,0,0,0,0,0,0,0,"-",8,22
"crema per capillari rotti gambe",42.5,42.9,7,8393,1452,-48,191,173,28,6,1,1,0,0,0,0,0,0,0,"-",11,22
"circolazione gambe drenante",,,"-",7,26,-41,35,4000,8,2,1,0,0,0,0,0,0,0,0,"-","-",22
"ippocastano compresse",,,"-","-",0,"-",24,95,8,0,1,1,0,0,0,0,0,0,0,"-",3,22
"remescar capillari instant gambe",,,"-",3035,346,-21,66,114,8,0,1,0,0,0,0,0,0,0,0,"-","-",22
"diosmina e centella asiatica",,,"-",1560,220,-28,55,141,8,0,1,0,0,0,0,0,0,0,0,"-","-",22
"sinefrina integratore",,,"-","-",0,"-",25,20000,8,0,1,0,0,0,0,0,0,0,0,"-","-",23
"crema capillari gambe",,,"-",788,252,-55,178,320,8,0,1,1,0,0,0,0,0,0,0,"-",7,23
"integratore flavonoidi",,,"-",868,328,-9,133,378,8,1,1,0,0,0,0,0,0,0,0,"-","-",23
"mavosten forte 60",,,"-",8973,332,-31,15,37,8,0,1,0,0,0,0,0,0,0,0,"-","-",23
"viviven 28 integratore compresse",,,"-",3338,237,-40,36,71,8,0,1,0,0,0,0,0,0,0,0,"-","-",23
"mirtillo per circolazione gambe",,,"-","-",0,"-",53,121,8,0,1,1,0,0,0,0,0,0,0,"-",10,23
"ippocastano",56.4,85.7,7,4567,717,-13,65,157,10,48,1,1,0,0,0,0,0,0,0,"-",10,24
"escina",,,"-",2358,224,-40,49,95,8,22,1,0,0,0,0,0,0,0,0,"-","-",24
"bioflavonoidi",,,"-",650,212,-22,97,326,8,29,1,0,0,0,0,0,0,0,0,"-","-",24
"flavonoidi",,,"-",780,255,-27,165,327,8,21,1,0,0,0,0,0,0,0,0,"-","-",24
"integratore per lo studio",,,"-","-",0,"-",68,3000,8,0,1,0,0,0,0,0,0,0,0,"-","-",24
"microcircolo yamamoto",83.3,77.8,9,6946,646,-6,53,93,10,0,1,0,0,0,0,0,0,0,0,"-","-",24
"samefast integratore",,,"-","-",0,"-",72,30000,8,0,1,0,0,0,0,0,0,0,0,"-","-",24
"drenax forte microcircolo",73.1,75,8,2616,463,-52,118,177,8,2,1,0,0,0,0,0,0,0,0,"-","-",24
"linfadren compresse 60 offerta",90.6,86.2,29,15547,1990,-32,96,128,27,0,1,0,0,0,0,0,0,0,0,"-","-",24
"escina e bromelina",,,"-",3747,371,-16,68,99,8,0,1,0,0,0,0,0,0,0,0,"-","-",24
"lipedema forte",40.7,100,1,7800,468,-23,56,60,8,0,1,0,0,0,0,0,0,0,0,"-","-",24
"venalux crema per capillari e vene varicose e per gambe gonfie",,,"-",2079,395,4,79,190,8,1,1,1,0,0,0,0,0,0,0,"-",8,24
"diosmin expert",,,"-",1412,72,18,34,51,8,2,1,1,0,0,0,0,0,0,0,"-",6,25
"varicose veins relief cream",,,"-",1659,209,6,20,126,8,0,1,1,0,0,0,0,0,0,0,"-",4,25
"antistax gambe",,,"-","-",0,"-",33,81,8,0,1,0,0,0,0,0,0,0,0,"-","-",26
"miglior crema emorroidi",,,"-",1837,79,12,5,43,8,0,1,0,0,0,0,0,0,0,0,"-","-",26
"neradin offerta",,,"-",1174,337,30,57,287,8,0,1,0,0,0,0,0,0,0,0,"-","-",26
"fasce elastiche per vene varicose",,,"-",669,341,1,242,510,8,0,1,0,0,0,0,0,0,0,0,"-","-",26
"cellulite integratore",,,"-",109,328,-32,90,3000,8,0,1,0,0,0,0,0,0,0,0,"-","-",27
"crema per vene varicose e capillari",,,"-",229,57,-17,25,249,8,0,1,1,0,0,0,0,0,0,0,"-",7,28
"flebinec plus",,,"-",4298,202,-50,47,47,8,2,1,1,0,0,0,0,0,0,0,"-",2,28
"crema ippocastano gambe",,,"-",1072,237,-16,96,221,8,0,1,1,0,0,0,0,0,0,0,"-",4,28
"estromineral serena",72.3,52.2,23,30214,1692,-5,36,56,30,12,1,0,0,0,0,0,0,0,0,"-","-",29
"flavonoidi integratori",,,"-",575,253,-20,150,440,8,0,1,0,0,0,0,0,0,0,0,"-","-",29
"cellulite gambe",,,"-","-",0,"-",74,20000,8,3,1,0,0,0,0,0,0,0,0,"-","-",29
"varico lift",,,"-",1949,265,-11,63,136,8,0,1,0,0,0,0,0,0,0,0,"-","-",29
"venasal salugea",,,1,5082,310,-60,36,61,8,1,1,1,0,0,0,0,0,0,0,"-",3,29
"varicolift",,,"-",1274,172,-35,56,135,8,0,1,0,0,0,0,0,0,0,0,"-","-",29
"veinflux",,,"-",1000,68,23,29,68,8,1,1,0,0,0,0,0,0,0,0,"-","-",29
"integratori cellulite",,,"-",71,213,-1,123,3000,8,0,1,0,0,0,0,0,0,0,0,"-","-",30
"microcircolo gambe drenante",,,"-","-",0,"-",62,539,8,0,1,0,0,0,0,0,0,0,0,"-","-",30
"varicose veins",,,"-",246,207,36,125,842,8,9,1,0,0,0,0,0,0,0,0,"-","-",30
"coprire vene varicose",,,"-","-",0,"-",30,184,8,0,1,0,0,0,0,0,0,0,0,"-","-",32
"correttore gambe capillari",,,"-",1476,248,-29,115,168,8,0,1,1,0,0,0,0,0,0,0,"-",2,32
"bromelina 1000mg",,,"-",1411,230,-31,48,163,8,1,1,0,0,0,0,0,0,0,0,"-","-",33
"omniven gambe",,,10,3820,340,-36,32,89,8,3,1,0,0,0,0,0,0,0,0,"-","-",33
"antistax",,,"-",5424,358,-54,71,66,8,3,1,0,0,0,0,0,0,0,0,"-","-",34
"vene varicose crema",,,"-","-",0,"-",46,491,8,0,1,0,0,0,0,0,0,0,0,"-","-",34
"integratore mavosten",,,"-",3408,242,-19,23,71,8,0,1,0,0,0,0,0,0,0,0,"-","-",34
"peacetil integratore",,,"-",14,271,36,68,20000,8,0,1,0,0,0,0,0,0,0,0,"-","-",34
"verum fortelax 80 compresse",77.9,63.6,11,17077,1554,488,10,91,26,1,1,0,0,0,0,0,0,0,0,"-","-",34
"integratori ritenzione idrica",,,"-",247,154,7,143,623,8,0,1,0,0,0,0,0,0,0,0,"-","-",35
"gambe stanche e pesanti",,,"-",637,367,-7,163,576,8,6,1,1,0,0,0,0,0,0,0,"-",6,35
"puressentiel circolazione",,,"-",5098,260,-32,37,51,8,0,1,0,0,0,0,0,0,0,0,"-","-",35
"essaven gel gambe vene",54.1,44.4,9,4594,1167,-41,155,254,26,0,1,1,0,0,0,0,0,0,0,"-",1,35
"spermidina forte",,,"-",615,32,-51,19,52,8,1,1,0,0,0,0,0,0,0,0,"-","-",35
"venalux crema vene varicose",67.3,57.2,7,7110,1038,-43,76,146,27,5,1,1,0,0,0,0,0,0,0,"-",11,35
"plas bromelina",,,"-",179,30,-50,30,168,8,0,1,0,0,0,0,0,0,0,0,"-","-",36
"venicalm forte crema intensiva per vene varicose",,,"-",2759,320,17,63,116,8,0,1,0,0,0,0,0,0,0,0,"-","-",36
"emorroidi crema",,,"-",1291,102,-21,3,79,8,0,1,0,0,0,0,0,0,0,0,"-","-",37
"plus bromelina",,,"-",404,67,31,59,166,8,0,1,0,0,0,0,0,0,0,0,"-","-",37
"conversol tiroide",68.3,66.7,15,36932,4875,5,24,132,30,0,1,0,0,0,0,0,0,0,0,"-","-",37
"bromelina lc laboratori castagneris",44.8,25,4,21607,1318,98,35,61,26,0,1,0,0,0,0,0,0,0,0,"-","-",37
"estromineral serena plus",82.5,69.7,66,59939,4915,-2,54,82,31,3,1,0,0,0,0,0,0,0,0,"-","-",38
"piedi gonfi",,,"-",10,310,-45,206,30000,8,4,1,1,0,0,0,0,0,0,0,"-",22,38
"zeflavon",81.8,80,5,13273,584,-10,20,44,9,0,1,0,0,0,0,0,0,0,0,"-","-",38
"crema per gambe gonfie e circolazione",,,12,949,371,-53,146,391,8,0,1,1,0,0,0,0,0,0,0,"-",9,38
"anti ritenzione idrica gambe",,,"-","-",0,"-",78,126,8,0,1,0,0,0,0,0,0,0,0,"-","-",38
"crema venicalm",,,"-",5143,216,-1,24,42,8,0,1,0,0,0,0,0,0,0,0,"-","-",38
"integratori polifenoli",,,"-","-",0,"-",133,627,8,0,1,0,0,0,0,0,0,0,0,"-","-",39
"tendijoint forte",92.8,90.2,41,30698,2640,-30,137,86,28,1,1,0,0,0,0,0,0,0,0,"-","-",39
"crema coprente per vene varicose",,,"-",647,101,-51,68,156,8,6,1,1,0,0,0,0,0,0,0,"-",5,39
"calze vene varicose",,,"-","-",0,"-",107,20000,8,0,1,0,0,0,0,0,0,0,0,"-","-",40
"crema per vene",,,"-","-",0,"-",89,1000,8,5,1,0,0,0,0,0,0,0,0,"-","-",40
"cerotti vene varicose",,,"-",1623,388,5,120,239,8,1,1,1,0,0,0,0,0,0,0,"-",6,40
"fortilase cell",87.5,76.9,13,12687,1256,-61,91,99,26,1,1,0,0,0,0,0,0,0,0,"-","-",41
"linfase",,,"-",2337,201,-47,57,86,8,0,1,0,0,0,0,0,0,0,0,"-","-",41
"pastiglie per cellulite",,,"-","-",0,"-",66,194,8,0,1,0,0,0,0,0,0,0,0,"-","-",41
"spermidina integratore",,,"-",2637,298,4,33,113,8,3,1,1,0,0,0,0,0,0,0,"-",11,41
"bromelina cellulite",,,"-",1346,377,14,107,280,8,0,1,0,0,0,0,0,0,0,0,"-","-",42
"integratore spermidina",,,"-",645,60,2,25,93,8,2,1,0,0,0,0,0,0,0,0,"-","-",42
"crema x vene varicose e capillari gambe gonfie",,,"-",889,208,-20,83,234,8,0,1,1,0,0,0,0,0,0,0,"-",12,42
"crema per vene varicose e capillari gambe",36.8,11.1,9,4897,1327,-50,176,271,26,0,1,1,0,0,0,0,0,0,0,"-",8,42
"fortilase bromelina",,,"-",974,147,-31,46,151,8,0,1,1,0,0,0,0,0,0,0,"-",13,42
"pastiglie anticellulite",,,"-",14,28,-33,52,2000,8,0,1,0,0,0,0,0,0,0,0,"-","-",43
"mavosten forte",86.2,52.1,48,60100,4808,7,45,80,30,1,1,0,0,0,0,0,0,0,0,"-","-",43
"bromelina alto dosaggio",,,"-",1873,397,12,89,212,8,0,1,0,0,0,0,0,0,0,0,"-","-",43
"venicalm crema per le vene varicose",,,"-",2361,399,-88,87,169,8,0,1,1,0,0,0,0,0,0,0,"-",9,43
"crema vene varicose",31.1,50,2,1495,824,-54,155,551,11,17,1,1,0,0,0,0,0,0,0,"-",5,44
"crema per emorroidi",61,22.2,9,13417,1127,3,5,84,26,0,1,0,0,0,0,0,0,0,0,"-","-",44
"cardione integratore",,,"-",7,142,-5,104,20000,8,0,1,0,0,0,0,0,0,0,0,"-","-",44
"bromelina stick",,,"-",1693,171,-29,64,101,8,0,1,0,0,0,0,0,0,0,0,"-","-",44
"crema emorroidi",61.3,49,51,34527,3798,4,5,110,31,8,1,0,0,0,0,0,0,0,0,"-","-",45
"vene varicose cura",,,"-",43,43,5,97,1000,8,0,1,1,0,0,0,0,0,0,0,"-",9,45
"mavosten 60 compresse",76.1,50,8,32286,1808,26,20,56,26,0,1,0,0,0,0,0,0,0,0,"-","-",45
"crema per gambe pesanti e stanche",,,"-",652,275,-59,192,422,8,0,1,0,0,0,0,0,0,0,0,"-","-",45
"crema gonfiore gambe",,,"-",68,54,"-",92,794,8,0,1,1,0,0,0,0,0,0,0,"-",7,47
"crema fredda gambe circolazione",,,"-","-",0,"-",81,191,8,0,1,0,0,0,0,0,0,0,0,"-","-",48
"crema coprente vene e capillari",,,"-",1203,326,-45,110,271,8,0,1,0,0,0,0,0,0,0,0,"-","-",48
"linfocinetic plus",,,"-",4185,339,-59,65,81,8,1,1,0,0,0,0,0,0,0,0,"-","-",48
"crema gambe capillari",,,"-","-",0,"-",127,300,8,0,1,0,0,0,0,0,0,0,0,"-","-",49
"crema per vene varicose",,,"-",606,337,-42,129,556,8,4,1,1,0,0,0,0,0,0,0,"-",10,49
"crema contro le vene varicose",,,"-","-",0,"-",74,193,8,7,1,0,0,0,0,0,0,0,0,"-","-",49
"purga per pulizia intestino",,,"-",1161,195,-7,67,168,8,0,1,0,0,0,0,0,0,0,0,"-","-",49
"spermidina",55.4,29.6,27,63473,4697,6,40,74,40,33,1,1,0,0,0,0,0,0,0,"-",21,50
"glp1",69.2,20,10,3705,3375,28,109,911,28,0,1,0,0,0,0,0,0,0,0,"-","-",50
"linfodrenaggio gambe",35.5,25,4,190,1518,-32,242,8000,26,1,1,0,0,0,0,0,0,0,0,"-","-",51
"polifenoli integratori",,,"-",369,307,1,139,831,8,0,1,0,0,0,0,0,0,0,0,"-","-",52
"antiossidante integratore",,,"-",6,29,-29,20,5000,8,0,1,0,0,0,0,0,0,0,0,"-","-",52
"arbidol compresse",,,"-",7,59,70,31,9000,8,0,1,0,0,0,0,0,0,0,0,"-","-",53
"crema per gambe gonfie e pesanti",,,"-",236,75,47,107,318,8,1,1,1,0,0,0,0,0,0,0,"-",12,53
"neradin pastiglie",,,"-",5,163,-22,33,30000,8,0,1,0,0,0,0,0,0,0,0,"-","-",53
"crema gambe circolazione",36.8,22.2,9,1082,1082,-33,220,1000,26,2,1,1,0,0,0,0,0,0,0,"-",2,54
"crema gambe vene varicose",,,"-","-",0,"-",80,474,8,1,1,1,0,0,0,0,0,0,0,"-",24,54
"correttore vene gambe",,,"-",836,189,-3,126,226,8,0,1,0,0,0,0,0,0,0,0,"-","-",54
"venactis gel",,,"-",4745,261,-28,46,55,8,0,1,0,0,0,0,0,0,0,0,"-","-",54
"mavosten",83.6,52.8,161,251593,22895,7,100,91,52,2,1,0,0,0,0,0,0,0,0,"-","-",55
"mavisten",,,"-",1948,187,-26,32,96,8,0,1,0,0,0,0,0,0,0,0,"-","-",55
"vein target",,,"-",1500,111,-53,52,74,8,36,1,0,0,0,0,0,0,0,0,"-","-",55
"integratori per lo studio",,,"-",21,64,-19,83,3000,8,0,1,0,0,0,0,0,0,0,0,"-","-",56
"hirudoid 40.000 gel gambe",34.3,100,3,5353,637,-1,116,119,10,0,1,1,0,0,0,0,0,0,0,"-",8,56
"bromelina integratore",,,"-",184,135,-51,82,735,8,1,1,0,0,0,0,0,0,0,0,"-","-",57
"correttore capillari gambe",,,"-",1867,323,-17,110,173,8,0,1,1,0,0,0,0,0,0,0,"-",3,58
"venalux crema capillari",69,53.9,26,32735,3339,-33,67,102,29,4,1,0,0,0,0,0,0,0,0,"-","-",58
"gel freddo gambe circolazione",,,9,797,401,-34,190,503,8,0,1,1,0,0,0,0,0,0,0,"-",6,59
"rutina",53.3,100,4,1631,535,30,94,328,9,37,1,0,0,0,0,0,0,0,0,"-","-",60
"venalux vene varicose",,,"-",1550,155,-29,104,100,8,0,1,1,0,0,0,0,0,0,0,"-",8,60
"pomata emorroidi",58,46.7,30,23366,2360,-7,5,101,28,2,1,0,0,0,0,0,0,0,0,"-","-",61
"drenante gambe lipidema",,,"-",837,175,-46,111,209,8,0,1,0,0,0,0,0,0,0,0,"-","-",61
"crema effetto freddo gambe circolazione",,,"-",1433,291,-12,137,203,8,0,1,0,0,0,0,0,0,0,0,"-","-",61
"creme gambe gonfie",,,"-","-",0,"-",111,551,8,0,1,0,0,0,0,0,0,0,0,"-","-",62
"lipalt integratore",,,"-","-",0,"-",22,20000,8,0,1,0,0,0,0,0,0,0,0,"-","-",63
"spray gambe pesanti",,,"-",1554,230,-12,70,148,8,1,1,0,0,0,0,0,0,0,0,"-","-",63
"integratore bromelina forte",,,"-",100,30,2,83,299,8,2,1,0,0,0,0,0,0,0,0,"-","-",63
"crema circolazione gambe",,,"-",392,392,-40,171,1000,8,0,1,0,0,0,0,0,0,0,0,"-","-",64
"crema gambe gonfie",,,5,607,363,-45,166,598,8,1,1,0,0,0,0,0,0,0,0,"-","-",64
"integratore bromelina",36,50,2,618,446,-8,117,722,8,4,1,1,0,0,0,0,0,0,0,"-",18,64
"integratore antiossidante",,,"-","-",0,"-",46,5000,8,8,1,0,0,0,0,0,0,0,0,"-","-",64
"proctolyn crema emorroidi",70.1,58.3,48,91896,6157,-12,0,67,32,0,1,0,0,0,0,0,0,0,0,"-","-",64
"mavosten forte 60 compresse",91.1,53.9,241,434172,27787,9,38,64,57,0,1,0,0,0,0,0,0,0,0,"-","-",64
"somatoline spray gambe",,,"-",6203,397,-2,51,64,8,0,1,0,0,0,0,0,0,0,0,"-","-",64
"spray gambe effetto ghiaccio",,,6,2719,397,-29,117,146,8,0,1,0,0,0,0,0,0,0,0,"-","-",65
"ippocastano crema gel",76.5,33.3,3,4355,601,1,82,138,10,0,1,1,0,0,0,0,0,0,0,"-",5,65
"gel gambe gonfie",,,"-",26,11,-35,113,418,8,1,1,1,0,0,0,0,0,0,0,"-",40,66
"movicol 20 bustine adulti lassativo",58.1,69.2,26,36446,3353,6,64,92,28,0,1,0,0,0,0,0,0,0,0,"-","-",66
"plaquenil compresse",,,"-","-",0,"-",35,10000,8,0,1,0,0,0,0,0,0,0,0,"-","-",67
"drenaggio linfatico forte gambe",,,"-",1323,410,"-",116,310,8,0,1,1,0,0,0,0,0,0,0,"-",9,67
"crema gambe stanche",43.9,50,2,815,744,-39,229,913,11,6,1,1,0,0,0,0,0,0,0,"-",19,68
"crema copri vene varicose e capillari",,,"-",2490,356,-15,65,143,8,0,1,0,0,0,0,0,0,0,0,"-","-",68
"bromelina naturale",,,"-","-",0,"-",79,414,8,0,1,0,0,0,0,0,0,0,0,"-","-",69
"prep gambe e piedi affaticati",92.3,100,4,7172,459,-66,81,64,8,0,1,0,0,0,0,0,0,0,0,"-","-",69
"brulafine integratori",,,"-",9,275,-28,70,30000,8,0,1,0,0,0,0,0,0,0,0,"-","-",70
"crema ritenzione idrica gambe",,,"-",247,115,-53,91,465,8,0,1,0,0,0,0,0,0,0,0,"-","-",71
"cumadren compresse",,,"-",42,381,6,39,9000,8,0,1,0,0,0,0,0,0,0,0,"-","-",71
"ideal slim integratore",,,"-",33,228,50,74,7000,8,0,1,0,0,0,0,0,0,0,0,"-","-",71
"pomata per emorroidi",,,"-",3861,278,-26,5,72,8,0,1,0,0,0,0,0,0,0,0,"-","-",74
"integratore allergia",,,"-","-",0,"-",68,20000,8,0,1,0,0,0,0,0,0,0,0,"-","-",74
"polifenoli",,,"-",195,113,68,94,580,8,34,1,0,0,0,0,0,0,0,0,"-","-",75
"bromelina compresse",44.4,20,5,1282,477,-27,115,372,8,0,1,0,0,0,0,0,0,0,0,"-","-",76
"compresse di alfazone",,,"-",21,187,49,3,9000,8,0,1,0,0,0,0,0,0,0,0,"-","-",76
"defaticante gambe",,,"-",593,273,-37,141,460,8,3,1,0,0,0,0,0,0,0,0,"-","-",77
"tonico integratore",,,"-",154,154,-9,123,1000,8,0,1,0,0,0,0,0,0,0,0,"-","-",77
"integratori bromelina",,,"-",224,168,-45,76,749,8,0,1,0,0,0,0,0,0,0,0,"-","-",77
"gel gambe circolazione",,,"-",544,324,-22,154,596,8,0,1,1,0,0,0,0,0,0,0,"-",9,78
"cellulite gambe e glutei",38.4,37.5,8,687,2062,-20,255,3000,27,1,1,0,0,0,0,0,0,0,0,"-","-",78
"fondotinta per gambe per coprire vene e capillari",,,2,1767,387,-62,94,219,8,0,1,0,0,0,0,0,0,0,0,"-","-",79
"gel gambe pesanti",,,"-",509,238,-10,115,468,8,3,1,0,0,0,0,0,0,0,0,"-","-",80
"venalux crema",,,"-",3462,360,-45,75,104,8,16,1,0,0,0,0,0,0,0,0,"-","-",81
"crema per gambe stanche e doloranti",,,"-",1043,290,-29,135,278,8,0,1,0,0,0,0,0,0,0,0,"-","-",82
"venalux crema gambe",72.6,81.8,11,7261,1198,-74,111,165,28,6,1,1,0,0,0,0,0,0,0,"-",8,82
"urotrin compresse",,,"-",40,364,41,19,9000,8,0,1,0,0,0,0,0,0,0,0,"-","-",83
"crema gambe stanche e pesanti",,,"-",340,136,-13,77,400,8,2,1,0,0,0,0,0,0,0,0,"-","-",83
"glicina",58.2,42.6,242,490,24507,180,163,50000,65,35,1,0,0,0,0,0,0,0,0,"-","-",85
"spray gambe gonfie rinfrescante",62.9,25,4,3153,637,-61,101,202,10,0,1,0,0,0,0,0,0,0,0,"-","-",85
"bromelina strong",80,76.2,21,8644,1746,-34,107,202,28,5,1,0,0,0,0,0,0,0,0,"-","-",86
"crio gel gambe stanche effetto freddo",,,"-",687,112,-43,99,163,8,1,1,0,0,0,0,0,0,0,0,"-","-",87
"revis forte integratore",,,"-",105,315,-6,170,3000,8,0,1,0,0,0,0,0,0,0,0,"-","-",87
"bromelina complex",56.7,52,25,25289,5690,5,121,225,32,4,1,1,0,0,0,0,0,0,0,"-",19,88
"venaflux crema gel",,,"-",3233,291,7,56,90,8,0,1,0,0,0,0,0,0,0,0,"-","-",89
"kilocal pancia piatta",,,"-",3063,340,-25,99,111,8,1,1,0,0,0,0,0,0,0,0,"-","-",92
"penna laser per vene capillari gambe",,,"-",2689,328,-7,105,122,8,0,1,1,0,0,0,0,0,0,0,"-",20,93
"ruscoven gel gambe",,,"-",2560,297,-22,58,116,8,0,1,0,0,0,0,0,0,0,0,"-","-",96
"bromelina plus",67.1,93.8,16,8166,1527,-21,92,187,28,6,1,0,0,0,0,0,0,0,0,"-","-",97
"crema coprente capillari gambe",42.9,66.7,3,4882,913,-62,142,187,12,1,1,1,0,0,0,0,0,0,0,"-",25,98
"bromelina più venduto",,,"-",1067,254,-26,76,238,8,0,1,0,0,0,0,0,0,0,0,"-","-",99
"mioven gel gambe",,,"-",2982,328,-7,47,110,8,0,1,1,0,0,0,0,0,0,0,"-",1,99
"zitromax compresse",,,"-","-",0,"-",55,9000,8,0,1,0,0,0,0,0,0,0,0,"-","-",101
"venoruton gel gambe",,,4,1352,315,-37,143,233,8,0,1,1,0,0,0,0,0,0,0,"-",29,102
"lipedema gambe crema",44.4,,1,2064,481,-30,82,233,9,0,1,0,0,0,0,0,0,0,0,"-","-",102
"crema per lipedema gambe",,,"-",1208,273,6,76,226,8,0,1,0,0,0,0,0,0,0,0,"-","-",102
"bromelina extra forte drenante 5000 gdu/g",44.5,31,145,80449,15768,-30,119,196,44,2,1,0,0,0,0,0,0,0,0,"-","-",103
"crema gambe drenante e sgonfiante",37.5,80,5,2254,886,-50,169,393,12,0,1,1,0,0,0,0,0,0,0,"-",16,107
"macrogol",61.3,54.1,109,69866,9362,6,54,134,44,28,1,1,0,0,0,0,0,0,0,"-",19,108
"varicose veins cream",57.7,50,4,2782,459,-36,95,165,8,10,1,1,0,0,0,0,0,0,0,"-",19,108
"gambe leggere crema",,,"-",185,155,-26,56,837,8,0,1,0,0,0,0,0,0,0,0,"-","-",108
"gonfiore plus",,,17,2652,350,28,50,132,8,2,1,0,0,0,0,0,0,0,0,"-","-",109
"crema per gambe stanche",,,"-","-",0,"-",116,994,8,0,1,0,0,0,0,0,0,0,0,"-","-",110
"brulafine pastiglie",,,"-",6,12,-29,47,2000,8,0,1,0,0,0,0,0,0,0,0,"-","-",110
"essaven gel gambe",,,"-",2055,261,-27,100,127,8,0,1,0,0,0,0,0,0,0,0,"-","-",114
"eterogeneità gonfiore",,,"-",130,130,31,43,1000,8,0,1,0,0,0,0,0,0,0,0,"-","-",114
"crema effetto ghiaccio per gambe",,,"-",1119,320,-34,101,286,8,0,1,0,0,0,0,0,0,0,0,"-","-",114
"flebo up crema gel gambe",,,"-",864,114,-33,41,132,8,0,1,0,0,0,0,0,0,0,0,"-","-",114
"crema defaticante gambe",,,9,780,301,-52,172,386,8,1,1,0,0,0,0,0,0,0,0,"-","-",115
"drenante linfatico forte",35.7,33.3,3,2203,780,-45,167,354,11,1,1,0,0,0,0,0,0,0,0,"-","-",115
"ischia criogel gambe stanche",95.6,100,3,3504,855,-45,130,244,11,0,1,0,0,0,0,0,0,0,0,"-","-",116
"integratore stanchezza e affaticamento",,,"-",134,268,-30,171,2000,8,0,1,0,0,0,0,0,0,0,0,"-","-",116
"gambe gonfie crema",,,"-","-",0,"-",107,488,8,0,1,0,0,0,0,0,0,0,0,"-","-",117
"integratore drenaggio linfatico",,,"-",350,175,-44,127,500,8,1,1,0,0,0,0,0,0,0,0,"-","-",117
"bromelina forte",45.8,35.8,285,87838,29777,-12,133,339,69,29,1,0,0,0,0,0,0,0,0,"-","-",121
"bromelina 500",,,"-",1465,337,-22,97,230,8,9,1,0,0,0,0,0,0,0,0,"-","-",123
"crema fredda per circolazione gambe",,,9,1103,427,-21,155,387,8,0,1,0,0,0,0,0,0,0,0,"-","-",123
"bromellina forte",,,"-",949,315,-11,67,332,8,0,1,0,0,0,0,0,0,0,0,"-","-",124
"drenante senza zucchero",,,"-",966,256,-23,139,265,8,0,1,0,0,0,0,0,0,0,0,"-","-",124
"bustine drenanti",,,"-",1248,362,8,137,290,8,0,1,0,0,0,0,0,0,0,0,"-","-",127
"drena forte",,,"-",1717,388,25,92,226,8,2,1,0,0,0,0,0,0,0,0,"-","-",127
"mirtillo nero integratore",,,6,1558,296,-7,84,190,8,0,1,0,0,0,0,0,0,0,0,"-","-",128
"bromellina",30.6,32,25,2888,2039,-27,127,706,27,0,1,0,0,0,0,0,0,0,0,"-","-",128
"bronelina",27.1,18.2,11,2128,1732,-13,131,814,26,0,1,1,0,0,0,0,0,0,0,"-",46,132
"spray effetto freddo gambe",,,"-",1478,337,-44,97,228,8,0,1,1,0,0,0,0,0,0,0,"-",6,132
"bende drenanti gambe effetto freddo",,,"-",2193,307,-21,86,140,8,1,1,0,0,0,0,0,0,0,0,"-","-",132
"bromelina forte lipedema",,,"-",1818,320,-41,74,176,8,0,1,0,0,0,0,0,0,0,0,"-","-",132
"integratore studio",,,"-",60,181,30,117,3000,8,3,1,0,0,0,0,0,0,0,0,"-","-",133
"meno di 10 euro",,,"-",3,345,19,188,100000,8,0,1,0,0,0,0,0,0,0,0,"-","-",134
"bende drenanti gambe",42.5,8.6,35,29631,6015,-48,135,203,32,2,1,0,0,0,0,0,0,0,0,"-","-",136
"gonfiore stomaco",,,"-","-",0,"-",72,929,8,0,1,0,0,0,0,0,0,0,0,"-","-",137
"fondotinta gambe capillari",48,50,4,2563,446,-50,150,174,8,0,1,0,0,0,0,0,0,0,0,"-","-",137
"crema gambe effetto freddo",42.3,57.2,7,7243,2622,-53,240,362,28,2,1,0,0,0,0,0,0,0,0,"-","-",142
"crema sollievo gambe",,,"-","-",0,"-",111,2000,8,0,1,0,0,0,0,0,0,0,0,"-","-",142
"crema effetto freddo gambe",,,19,724,354,-55,184,489,8,0,1,0,0,0,0,0,0,0,0,"-","-",142
"gel gambe stanche e pesanti",,,8,1318,406,-53,211,308,8,1,1,1,0,0,0,0,0,0,0,"-",21,142
"crema rinfrescante gambe",43.2,46.2,13,410,820,-43,177,2000,11,0,1,0,0,0,0,0,0,0,0,"-","-",143
"gel effetto freddo per gambe",,,"-",288,288,-53,169,1000,8,1,1,0,0,0,0,0,0,0,0,"-","-",143
"esosomi corpo pelle flaccida",51.1,66.7,6,12914,1808,-32,139,140,26,0,1,0,0,0,0,0,0,0,0,"-","-",143
"bromelina",30.9,22.6,727,110311,89242,-21,131,809,146,48,1,0,0,0,0,0,0,0,0,"-","-",144
"crema gambe pesanti",46.7,33.3,3,806,539,-50,227,669,9,1,1,1,0,0,0,0,0,0,0,"-",6,144
"bromeline",,,"-","-",0,"-",74,775,8,0,1,0,0,0,0,0,0,0,0,"-","-",145
"bromelaina",,,"-","-",0,"-",46,770,8,0,1,0,0,0,0,0,0,0,0,"-","-",147
"bromelima",,,"-",553,415,-6,98,750,8,0,1,1,0,0,0,0,0,0,0,"-",52,148
"massaggio piedi circolazione",,,"-",7,292,14,173,40000,8,0,1,0,0,0,0,0,0,0,0,"-","-",150
"compresse digestive",,,"-",18,18,-47,85,1000,8,1,1,0,0,0,0,0,0,0,0,"-","-",151
"beomelina",,,"-",341,267,-23,107,783,8,0,1,0,0,0,0,0,0,0,0,"-","-",152
"gel freddo gambe",39.6,33.3,9,201,1007,-48,232,5000,26,2,1,0,0,0,0,0,0,0,0,"-","-",156
"bromelina forte drenante",56.1,46.9,915,454669,144130,-15,135,317,200,13,1,0,0,0,0,0,0,0,0,"-","-",157
"cellulite notte",,,"-","-",0,"-",89,50000,8,0,1,0,0,0,0,0,0,0,0,"-","-",159
"lattoferrina integratore",,,"-",1,18,4,79,20000,8,0,1,0,0,0,0,0,0,0,0,"-","-",171
"snep integratori",,,"-","-",0,"-",67,30000,8,0,1,0,0,0,0,0,0,0,0,"-","-",186
"drenante bromelina",,,"-",677,348,-18,106,514,8,0,1,0,0,0,0,0,0,0,0,"-","-",187
"la bromelina",,,"-",101,73,-11,96,721,8,0,1,0,0,0,0,0,0,0,0,"-","-",201
"varisan",,,"-",669,239,-5,186,357,8,35,1,0,0,0,0,0,0,0,0,"-","-",203
"-ashwagandha",54.6,50,2,21,1056,56,116,50000,25,0,1,0,0,0,0,0,0,0,0,"-","-",203
"drenante gambe forte",,,"-","-",0,"-",74,692,8,0,1,0,0,0,0,0,0,0,0,"-","-",209
"bromelin",,,"-",290,225,-11,101,777,8,0,1,0,0,0,0,0,0,0,0,"-","-",210
"cumino integratore",,,"-","-",0,"-",49,20000,8,0,1,0,0,0,0,0,0,0,0,"-","-",213
"artrite integratore",,,"-",6,122,9,91,20000,8,0,1,0,0,0,0,0,0,0,0,"-","-",216
"drenante gambe",38.9,50,6,143,1434,-32,174,10000,27,2,1,0,0,0,0,0,0,0,0,"-","-",218
"integratore per la concentrazione",,,"-","-",0,"-",66,20000,8,0,1,0,0,0,0,0,0,0,0,"-","-",218
"memory integratore",,,"-",646,73,8,52,113,8,1,1,0,0,0,0,0,0,0,0,"-","-",223
"lattoferina integratore",,,"-",4,86,3,53,20000,8,0,1,0,0,0,0,0,0,0,0,"-","-",225
"lattoferrina integratori",,,"-","-",0,"-",84,20000,8,0,1,0,0,0,0,0,0,0,0,"-","-",228
"cellulite",23.2,42.9,7,84,3353,-36,232,40000,36,24,1,0,0,0,0,0,0,0,0,"-","-",235
"integratori estate",,,"-",1066,419,-2,181,393,8,0,1,0,0,0,0,0,0,0,0,"-","-",235
"diosmin hesperidin",,,"-","-",0,"-",0,0,8,0,0,0,1,0,0,0,0,0,0,147,"-","-"
"diosmin hesperidin 1000mg",,,"-","-",0,"-",0,0,8,0,0,0,1,0,0,0,0,0,0,145,"-","-"
"venivalm crema vene varicose",,,"-","-",0,"-",0,0,8,0,0,0,1,0,0,0,0,0,0,144,"-","-"
"flebosmina forte 60 compresse",,,"-","-",0,"-",0,0,8,0,0,0,1,0,0,0,0,0,0,143,"-","-"
"diosmina pura",,,"-","-",0,"-",0,0,8,0,0,0,1,0,0,0,0,0,0,140,"-","-"
"integratore per circolazione venosa",,,"-","-",0,"-",0,0,8,0,0,0,1,0,0,0,0,0,0,139,"-","-"
"vein health patch",,,"-","-",0,"-",0,0,8,0,0,0,1,0,0,0,0,0,0,138,"-","-"
"vein repair",,,"-","-",0,"-",0,0,8,0,0,0,1,0,0,0,0,0,0,137,"-","-"
"diosmin crema gambe omniven",,,"-","-",0,"-",0,0,8,0,0,0,1,0,0,0,0,0,0,136,"-","-"
"pillole per lipedema gambe",,,"-","-",0,"-",0,0,8,0,0,0,1,0,0,0,0,0,0,135,"-","-"
"diosmina forte drenante",,,"-","-",0,"-",0,0,8,0,0,0,1,0,0,0,0,0,0,134,"-","-"
"vencap plus 30 capsule",,,"-","-",0,"-",0,0,8,0,0,0,1,0,0,0,0,0,0,133,"-","-"
"integratore per emorroidi forte",,,"-","-",0,"-",0,0,8,0,0,0,1,0,0,0,0,0,0,132,"-","-"
"crema varicose veins",,,"-","-",0,"-",0,0,8,0,0,0,1,0,0,0,0,0,0,131,"-","-"
"integratori per le vene varicose",,,"-","-",0,"-",0,0,8,0,0,0,1,0,0,0,0,0,0,130,"-","-"
"integratore per capillari rotti",,,"-","-",0,"-",0,0,8,0,0,0,1,0,0,0,0,0,0,129,"-","-"
"integratori capillari rotti",,,"-","-",0,"-",0,0,8,0,0,0,1,0,0,0,0,0,0,125,"-","-"
"venaflux 120 compresse vegavero",,,"-","-",0,"-",0,0,8,0,0,0,1,0,0,0,0,0,0,123,"-","-"
"crema varicose e capillari",,,"-","-",0,"-",0,0,8,0,0,0,1,0,0,0,0,0,0,122,"-","-"
"integratore x vene varicose",,,"-","-",0,"-",0,0,8,0,0,0,1,0,0,0,0,0,0,121,"-","-"
"pasticche per circolazione e vene",,,"-","-",0,"-",0,0,8,0,0,0,1,0,0,0,0,0,0,120,"-","-"
"venalux crema gambe vene varicose",,,"-","-",0,"-",0,0,8,0,0,0,1,0,0,0,0,0,0,119,"-","-"
"lipedema gambe pastiglie",,,"-","-",0,"-",0,0,8,0,0,0,1,0,0,0,0,0,0,118,"-","-"
"pastiglie per circolazione e capillari",,,"-","-",0,"-",0,0,8,0,0,0,1,0,0,0,0,0,0,116,"-","-"
"pasticche per vene varicose",,,"-","-",0,"-",0,0,8,0,0,0,1,0,0,0,0,0,0,115,"-","-"
"neoven biovenum 1000",,,"-","-",0,"-",0,0,8,0,0,0,1,0,0,0,0,0,0,114,"-","-"
"compresse x la circolazione",,,"-","-",0,"-",0,0,8,0,0,0,1,0,0,0,0,0,0,112,"-","-"
"compresse per vene gambe",,,"-","-",0,"-",0,0,8,0,0,0,1,0,0,0,0,0,0,111,"-","-"
"circolo venoso gambe",,,"-","-",0,"-",0,0,8,0,0,0,1,0,0,0,0,0,0,110,"-","-"
"crema fredda vene varicose",,,"-","-",0,"-",0,0,8,0,0,0,1,0,0,0,0,0,0,107,"-","-"
"integratore per le vene varicose",,,"-","-",0,"-",0,0,8,0,0,0,1,0,0,0,0,0,0,106,"-","-"
"integratore circolazione gambe forte",,,"-","-",0,"-",0,0,8,0,0,0,1,0,0,0,0,0,0,105,"-","-"
"pillole per le vene varicose",,,"-","-",0,"-",0,0,8,0,0,0,1,0,0,0,0,0,0,104,"-","-"
"venaflux viti microcircolo spray",,,"-","-",0,"-",0,0,8,0,0,0,1,0,0,0,0,0,0,102,"-","-"
"pastiglie per emorroidi daflon",,,"-","-",0,"-",0,0,8,0,0,0,1,0,0,0,0,0,0,100,"-","-"
"venatropen tc 600",,,"-","-",0,"-",0,0,8,0,0,0,1,0,0,0,0,0,0,99,"-","-"
"venoplant 40 compresse",,,"-","-",0,"-",0,0,8,0,0,0,1,0,0,0,0,0,0,98,"-","-"
"diosmina 1000 mg bustine",,,"-","-",0,"-",0,0,8,0,0,0,1,0,0,0,0,0,0,97,"-","-"
"diosmin expert omniven 1000",,,"-","-",0,"-",0,0,8,0,0,0,1,0,0,0,0,0,0,96,"-","-"
"venosmix germavis",,,"-","-",0,"-",0,0,8,0,0,0,1,0,0,0,0,0,0,95,"-","-"
"eliminare le vene varicose",,,"-","-",0,"-",0,0,8,0,0,0,1,0,0,0,0,0,0,94,"-","-"
"arvenum compresse",,,"-","-",0,"-",0,0,8,0,0,0,1,0,0,0,0,0,0,93,"-","-"
"daflon forte",,,"-","-",0,"-",0,0,8,0,0,0,1,0,0,0,0,0,0,92,"-","-"
"diosmina 300 mg",,,"-","-",0,"-",0,0,8,0,0,0,1,0,0,0,0,0,0,91,"-","-"
"integratori x vene varicose",,,"-","-",0,"-",0,0,8,0,0,0,1,0,0,0,0,0,0,90,"-","-"
"pasticche per la circolazione gambe",,,"-","-",0,"-",0,0,8,0,0,0,1,0,0,0,0,0,0,89,"-","-"
"crema riparatrice capillari rotti gambe",,,"-","-",0,"-",0,0,8,0,0,0,1,0,0,0,0,0,0,88,"-","-"
"antistax compresse 60",,,"-","-",0,"-",0,0,8,0,0,0,1,0,0,0,0,0,0,86,"-","-"
"venamir crema microcircolo 100 ml",,,"-","-",0,"-",0,0,8,0,0,0,1,0,0,0,0,0,0,85,"-","-"
"diosmiflux",,,"-","-",0,"-",0,0,8,0,0,0,1,0,0,0,0,0,0,83,"-","-"
"diossina esperidina",,,"-","-",0,"-",0,0,8,0,0,0,1,0,0,0,0,0,0,82,"-","-"
"diosmina e esperidina micronizzata",,,"-","-",0,"-",0,0,8,0,0,0,1,0,0,0,0,0,0,81,"-","-"
"emorroidi pastiglie",,,"-","-",0,"-",0,0,8,0,0,0,1,0,0,0,0,0,0,80,"-","-"
"centellix cerotti vene varicose",,,"-","-",0,"-",0,0,8,0,0,0,1,0,0,0,0,0,0,79,"-","-"
"pastilla para las varices",,,"-","-",0,"-",0,0,8,0,0,0,1,0,0,0,0,0,0,78,"-","-"
"pastiglie per le vene varicose",,,"-","-",0,"-",0,0,8,0,0,0,1,0,0,0,0,0,0,77,"-","-"
"per la circolazione delle gambe",,,"-","-",0,"-",0,0,8,0,0,0,1,0,0,0,0,0,0,74,"-","-"
"pastiglie per vene gambe",,,"-","-",0,"-",0,0,8,0,0,0,1,0,0,0,0,0,0,71,"-","-"
"integratore capillari rotti gambe",,,"-","-",0,"-",0,0,8,0,0,0,1,0,0,0,0,0,0,70,"-","-"
"pastiglie per capillari gambe",,,"-","-",0,"-",0,0,8,0,0,0,1,0,0,0,0,0,0,68,"-","-"
"venaflux bustine marco viti",,,"-","-",0,"-",0,0,8,0,0,0,1,0,0,0,0,0,0,67,"-","-"
"integratori per capillari rotti gambe",,,"-","-",0,"-",0,0,8,0,0,0,1,0,0,0,0,0,0,66,"-","-"
"venasal circolazione venosa",,,"-","-",0,"-",0,0,8,0,0,0,1,0,0,0,0,0,0,65,"-","-"
"venoruton 1000 compresse",,,"-","-",0,"-",0,0,8,0,0,0,1,0,0,0,0,0,0,64,"-","-"
"venavil compresse",,,"-","-",0,"-",0,0,8,0,0,0,1,0,0,0,0,0,0,63,"-","-"
"diosminflux compresse",,,"-","-",0,"-",0,0,8,0,0,0,1,0,0,0,0,0,0,61,"-","-"
"diosmina e bromelina insieme",,,"-","-",0,"-",0,0,8,0,0,0,1,0,0,0,0,0,0,56,"-","-"
"diosmina esperidina meliloto",,,"-","-",0,"-",0,0,8,0,0,0,1,0,0,0,0,0,0,54,"-","-"
"compresse vene varicose",,,"-","-",0,"-",0,0,8,0,0,0,1,0,0,0,0,0,0,47,"-","-"
"diosmina per emorroidi",,,"-","-",0,"-",0,0,8,0,0,0,1,0,0,0,0,0,0,46,"-","-"
"integratore diosmina e bromelina",,,"-","-",0,"-",0,0,8,0,0,0,1,0,0,0,0,0,0,43,"-","-"
"pervene vis 90 compresse",,,"-","-",0,"-",0,0,8,0,0,0,1,0,0,0,0,0,0,11,"-","-"
"daosin",69.8,60.7,28,31321,1754,-11,33,56,26,0,0,1,0,0,0,0,0,0,0,"-",15,"-"
"offerta",24.3,44.4,9,25,1483,-51,500,60000,26,0,0,1,0,0,0,0,0,0,0,"-",14,"-"
"varici",,,"-","-",0,"-",98,20000,8,3,0,1,0,0,0,0,0,0,0,"-",1,"-"
"bromelina solgar",91.4,92.9,70,28459,5151,-29,103,181,30,0,0,1,0,0,0,0,0,0,0,"-",4,"-"
"bromelina 500 mg",,,"-",1903,333,-8,75,175,8,3,0,1,0,0,0,0,0,0,0,"-",11,"-"
"dabur",,,"-",131,393,59,126,3000,8,41,0,1,0,0,0,0,0,0,0,"-",14,"-"
"crema x vene varicose",,,"-","-",0,"-",0,460,8,0,0,0,1,0,0,0,0,0,0,72,"-","-"
"venas",,,"-",91,362,3,170,4000,8,1,0,1,0,0,0,0,0,0,0,"-",4,"-"
"venolen plus",,,"-",439,18,37,0,41,8,1,0,0,1,0,0,0,0,0,0,127,"-","-"
"pasticche",,,"-",134,268,-25,220,2000,8,36,0,1,0,0,0,0,0,0,0,"-",4,"-"
"per le vene varicose",,,"-","-",0,"-",0,"-",8,0,0,0,1,0,0,0,0,0,0,141,"-","-"
"prodotti esi",,,"-",190,124,-23,84,653,8,0,0,1,0,0,0,0,0,0,0,"-",22,"-"
"5 euro prodotti",28.4,31.6,19,662,1323,8,318,2000,26,0,0,1,0,0,0,0,0,0,0,"-",5,"-"
"flebotrofine bustine",,,"-",12935,401,-9,15,31,8,0,0,1,0,0,0,0,0,0,0,"-",1,"-"
"venaflux viti",91.4,80,5,15220,624,-26,42,41,10,3,0,1,0,0,0,0,0,0,0,"-",9,"-"
"venox",,,"-","-",0,"-",0,0,8,0,0,0,1,0,0,0,0,0,0,73,"-","-"
"antistax gel gambe",80.6,90,10,3533,650,-10,125,184,10,0,0,1,0,0,0,0,0,0,0,"-",12,"-"
"fasce per vene varicose",,,"-","-",0,"-",0,1000,8,0,0,0,1,0,0,0,0,0,0,84,"-","-"
"bromelina drenante",,,"-",788,375,-21,135,476,8,0,0,1,0,0,0,0,0,0,0,"-",66,"-"
"integratore diosmina",,,"-","-",0,"-",0,0,8,0,0,0,1,0,0,0,0,0,0,33,"-","-"
"compresse per emorroidi",,,"-","-",0,"-",0,97,8,0,0,0,1,0,0,0,0,0,0,4,"-","-"
"compresse per le vene",,,"-","-",0,"-",0,0,8,0,0,0,1,0,0,0,0,0,0,142,"-","-"
"integratore per tendini",,,"-","-",0,"-",73,351,8,0,0,1,0,0,0,0,0,0,0,"-",16,"-"
"prodotti per le vene varicose",,,"-","-",0,"-",0,0,8,0,0,0,1,0,0,0,0,0,0,101,"-","-"
"crema copri capillari gambe",,,"-",1439,213,-3,89,148,8,0,0,1,0,0,0,0,0,0,0,"-",11,"-"
"cuscino per vene varicose",,,"-","-",0,"-",91,887,8,0,0,1,0,0,0,0,0,0,0,"-",4,"-"
"daflon 500mg",,,"-","-",0,"-",0,51,8,0,0,0,1,0,0,0,0,0,0,146,"-","-"
"immer aktiv",,,"-",129500,259,14,14,2,8,2,0,1,0,0,0,0,0,0,0,"-",1,"-"
"vene varicose e capillari",,,"-","-",0,"-",0,377,8,11,0,0,1,0,0,0,0,0,0,48,"-","-"
"pervene 90 compresse",,,4,41429,290,-51,22,7,8,0,0,0,1,0,0,0,0,0,0,126,"-","-"
"esperidina pura",,,"-",1192,31,-29,21,26,8,0,0,1,0,0,0,0,0,0,0,"-",7,"-"
"crema fredda gambe gonfie",,,"-","-",0,"-",91,314,8,0,0,1,0,0,0,0,0,0,0,"-",11,"-"
"bromelina e centella",,,"-",651,155,-21,110,238,8,4,0,1,0,0,0,0,0,0,0,"-",14,"-"
"venoruton 1000 30 compresse",,,"-",8259,223,144,12,27,8,0,0,0,1,0,0,0,0,0,0,117,"-","-"
"wasotonal crema gambe 200 ml",,,"-",4901,397,-30,45,81,8,0,0,1,0,0,0,0,0,0,0,"-",10,"-"
"bromelina strong 5000 gdu",70.6,70,20,7614,1340,-34,95,176,26,0,0,1,0,0,0,0,0,0,0,"-",24,"-"
"bromelina liquida",,,"-",1250,410,-9,136,328,8,0,0,1,0,0,0,0,0,0,0,"-",32,"-"
"bromelina centella asiatica",,,"-",1745,377,21,86,216,8,0,0,1,0,0,0,0,0,0,0,"-",31,"-"
"crampi muscolari gambe notturni",,,"-",1336,346,-23,82,259,8,0,0,1,0,0,0,0,0,0,0,"-",1,"-"
"creme per capillari rotti gambe",,,"-",134,25,4,0,186,8,0,0,0,1,0,0,0,0,0,0,109,"-","-"
"diosminflux",,,"-",629,39,22,0,62,8,0,0,0,1,0,0,0,0,0,0,53,"-","-"
"bromelina complex forte drenante",,,2,1689,358,-40,94,212,8,1,0,1,0,0,0,0,0,0,0,"-",13,"-"
"diosmina 1000",,,"-","-",0,"-",0,0,8,0,0,0,1,0,0,0,0,0,0,40,"-","-"
"diosmina sandoz 45 compresse",,,"-","-",0,"-",0,0,8,0,0,0,1,0,0,0,0,0,0,39,"-","-"
"insufficienza venosa gambe",,,"-","-",0,"-",0,0,8,0,0,0,1,0,0,0,0,0,0,37,"-","-"
"microcircolo vene e gambe",,,"-","-",0,"-",0,0,8,0,0,0,1,0,0,0,0,0,0,76,"-","-"
"esperidina integratore",,,"-","-",0,"-",0,0,8,0,0,0,1,0,0,0,0,0,0,103,"-","-"
"integratore vene varicose gambe",,,"-","-",0,"-",0,0,8,0,0,0,1,0,0,0,0,0,0,41,"-","-"
"diosmina ed esperidina",,,"-",628,86,-3,0,137,8,6,0,0,1,0,0,0,0,0,0,50,"-","-"
"diosmina esperidina bromelina",,,"-","-",0,"-",0,0,8,0,0,0,1,0,0,0,0,0,0,13,"-","-"
"integratore per emorroidi",,,"-","-",0,"-",0,0,8,0,0,0,1,0,0,0,0,0,0,36,"-","-"
"bromelina diosmina",,,"-","-",0,"-",0,0,8,0,0,0,1,0,0,0,0,0,0,124,"-","-"
"diosmina e esperidina",,,"-","-",0,"-",0,0,8,0,0,0,1,0,0,0,0,0,0,7,"-","-"
"bromelina forte drenante liquido",,,"-",902,294,-5,141,326,8,0,0,1,0,0,0,0,0,0,0,"-",4,"-"
"pastiglie per vene varicose",,,"-","-",0,"-",0,0,8,0,0,0,1,0,0,0,0,0,0,128,"-","-"
"bromelina vitaminpure",99,90.9,11,20019,2142,112,61,107,27,0,0,1,0,0,0,0,0,0,0,"-",24,"-"
"venavil",,,"-",17333,156,-32,0,9,8,0,0,0,1,0,0,0,0,0,0,62,"-","-"
"varicomed crema",,,"-",2000,232,8,80,116,8,0,0,1,0,0,0,0,0,0,0,"-",13,"-"
"venaflux spray",,,"-",76500,306,4,12,4,8,0,0,1,0,0,0,0,0,0,0,"-",3,"-"
"venecalm crema",,,"-",2872,224,-57,118,78,8,0,0,1,0,0,0,0,0,0,0,"-",6,"-"
"crema ripara capillari",,,"-",582,412,-12,96,708,8,0,0,1,0,0,0,0,0,0,0,"-",21,"-"